,image path
0,makeoutshinobi/DSC06106.jpg
1,makeoutshinobi/DSC06941.jpg
2,makeoutshinobi/IMG_3507.jpg
3,makeoutshinobi/IMG_3508.jpg
4,makeoutshinobi/IMG_3509.jpg
5,makeoutshinobi/IMG_3510.jpg
6,makeoutshinobi/IMG_3511.jpg
7,makeoutshinobi/IMG_3512.jpg
8,makeoutshinobi/IMG_3513.jpg
9,makeoutshinobi/IMG_3514.jpg
10,makeoutshinobi/IMG_3515.jpg
11,makeoutshinobi/IMG_3516.jpg
12,makeoutshinobi/IMG_3517.jpg
13,makeoutshinobi/IMG_3518.jpg
14,makeoutshinobi/IMG_3519.jpg
15,makeoutshinobi/IMG_3520.jpg
16,makeoutshinobi/IMG_3521.jpg
17,makeoutshinobi/IMG_3520.jpg
18,makeoutshinobi/DSC06106.jpg
19,makeoutshinobi/DSC06106.jpg
20,makeoutshinobi/DSC06106.jpg
21,makeoutshinobi/DSC06106.jpg
22,makeoutshinobi/DSC06106.jpg
23,makeoutshinobi/DSC06106.jpg
24,makeoutshinobi/DSC06106.jpg
25,makeoutshinobi/DSC06106.jpg
26,makeoutshinobi/IMG_5012.jpg
27,makeoutshinobi/IMG_5013.jpg
28,makeoutshinobi/IMG_5014.jpg
29,makeoutshinobi/IMG_5015.jpg